number_volume,year,website_volume
1,1999,https://www.tandfonline.com/loi/reus20?treeId=vreus20-1
2,2000,https://www.tandfonline.com/loi/reus20?treeId=vreus20-2
3,2001,https://www.tandfonline.com/loi/reus20?treeId=vreus20-3
4,2002,https://www.tandfonline.com/loi/reus20?treeId=vreus20-4
5,2003,https://www.tandfonline.com/loi/reus20?treeId=vreus20-5
6,2004,https://www.tandfonline.com/loi/reus20?treeId=vreus20-6
7,2005,https://www.tandfonline.com/loi/reus20?treeId=vreus20-7
8,2006,https://www.tandfonline.com/loi/reus20?treeId=vreus20-8
9,2007,https://www.tandfonline.com/loi/reus20?treeId=vreus20-9
10,2008,https://www.tandfonline.com/loi/reus20?treeId=vreus20-10
11,2009,https://www.tandfonline.com/loi/reus20?treeId=vreus20-11
12,2010,https://www.tandfonline.com/loi/reus20?treeId=vreus20-12
13,2011,https://www.tandfonline.com/loi/reus20?treeId=vreus20-13
14,2012,https://www.tandfonline.com/loi/reus20?treeId=vreus20-14
15,2013,https://www.tandfonline.com/loi/reus20?treeId=vreus20-15
16,2014,https://www.tandfonline.com/loi/reus20?treeId=vreus20-16
17,2015,https://www.tandfonline.com/loi/reus20?treeId=vreus20-17
18,2016,https://www.tandfonline.com/loi/reus20?treeId=vreus20-18
19,2017,https://www.tandfonline.com/loi/reus20?treeId=vreus20-19
20,2018,https://www.tandfonline.com/loi/reus20?treeId=vreus20-20
21,2019,https://www.tandfonline.com/loi/reus20?treeId=vreus20-21
22,2020,https://www.tandfonline.com/loi/reus20?treeId=vreus20-22
23,2021,https://www.tandfonline.com/loi/reus20?treeId=vreus20-23
